<?xml version="1.0" encoding="UTF-8"?>
<project-private xmlns="http://www.netbeans.org/ns/project-private/1">
    <editor-bookmarks xmlns="http://www.netbeans.org/ns/editor-bookmarks/2" lastBookmarkId="0"/>
    <open-files xmlns="http://www.netbeans.org/ns/projectui-open-files/2">
        <group>
            <file>file:/D:/Data/UNIKOM/SEMESTER%202/Pemrograman%20Beroreintasi%20Objek/Tugas%201/Tugas1/src/tugas1/Nilai.java</file>
            <file>file:/D:/Data/UNIKOM/SEMESTER%202/Pemrograman%20Beroreintasi%20Objek/Tugas%201/Tugas1/src/tugas1/Main.java</file>
            <file>file:/D:/Data/UNIKOM/SEMESTER%202/Pemrograman%20Beroreintasi%20Objek/Tugas%201/Tugas1/src/tugas1/Mahasiswa.java</file>
        </group>
    </open-files>
</project-private>
