<?xml version="1.0" encoding="UTF-8"?>
<project-private xmlns="http://www.netbeans.org/ns/project-private/1">
    <editor-bookmarks xmlns="http://www.netbeans.org/ns/editor-bookmarks/2" lastBookmarkId="0"/>
    <open-files xmlns="http://www.netbeans.org/ns/projectui-open-files/2">
        <group>
            <file>file:/E:/Data/UNIKOM/SEMESTER%202/Pemrograman%20Beroreintasi%20Objek/Tugas%20Besar%20PraUAS/CinemaBookApp/src/com/gararetech/cinemazz/view/SplashScreenView.java</file>
            <file>file:/E:/Data/UNIKOM/SEMESTER%202/Pemrograman%20Beroreintasi%20Objek/Tugas%20Besar%20PraUAS/CinemaBookApp/src/com/gararetech/cinemas/view/builder/PosterPacker.java</file>
            <file>file:/E:/Data/UNIKOM/SEMESTER%202/Pemrograman%20Beroreintasi%20Objek/Tugas%20Besar%20PraUAS/CinemaBookApp/src/com/gararetech/cinemas/view/RegisterView.java</file>
            <file>file:/E:/Data/UNIKOM/SEMESTER%202/Pemrograman%20Beroreintasi%20Objek/Tugas%20Besar%20PraUAS/CinemaBookApp/src/com/gararetech/cinemas/view/DashboardView.java</file>
            <file>file:/E:/Data/UNIKOM/SEMESTER%202/Pemrograman%20Beroreintasi%20Objek/Tugas%20Besar%20PraUAS/CinemaBookApp/src/com/gararetech/cinemazz/model/SplashScreenModel.java</file>
            <file>file:/E:/Data/UNIKOM/SEMESTER%202/Pemrograman%20Beroreintasi%20Objek/Tugas%20Besar%20PraUAS/CinemaBookApp/src/com/gararetech/cinemazz/view/DashboardView.java</file>
            <file>file:/E:/Data/UNIKOM/SEMESTER%202/Pemrograman%20Beroreintasi%20Objek/Tugas%20Besar%20PraUAS/CinemaBookApp/src/com/gararetech/cinemazz/controller/SplashScreenController.java</file>
            <file>file:/E:/Data/UNIKOM/SEMESTER%202/Pemrograman%20Beroreintasi%20Objek/Tugas%20Besar%20PraUAS/CinemaBookApp/src/com/gararetech/cinemazz/controller/LoginController.java</file>
            <file>file:/E:/Data/UNIKOM/SEMESTER%202/Pemrograman%20Beroreintasi%20Objek/Tugas%20Besar%20PraUAS/CinemaBookApp/src/com/gararetech/cinemazz/model/LoginModel.java</file>
        </group>
    </open-files>
</project-private>
