<?xml version="1.0" encoding="UTF-8"?>
<project-private xmlns="http://www.netbeans.org/ns/project-private/1">
    <editor-bookmarks xmlns="http://www.netbeans.org/ns/editor-bookmarks/2" lastBookmarkId="0"/>
    <open-files xmlns="http://www.netbeans.org/ns/projectui-open-files/2">
        <group>
            <file>file:/C:/Users/outlo/Documents/NetBeansProjects/Cinemas-main/src/co/gararetech/cinemas/model/DashboardModel.java</file>
            <file>file:/C:/Users/outlo/Documents/NetBeansProjects/Cinemas-main/src/co/gararetech/cinemas/view/RegisterView.java</file>
            <file>file:/C:/Users/outlo/Documents/NetBeansProjects/Cinemas-main/src/co/gararetech/cinemas/view/CheckoutTicketView.java</file>
            <file>file:/C:/Users/outlo/Documents/NetBeansProjects/Cinemas-main/src/co/gararetech/cinemas/view/LoginView.java</file>
            <file>file:/C:/Users/outlo/Documents/NetBeansProjects/Cinemas-main/src/co/gararetech/cinemas/controller/UpcomingController.java</file>
            <file>file:/C:/Users/outlo/Documents/NetBeansProjects/Cinemas-main/src/co/gararetech/cinemas/view/SplashScreenView.java</file>
            <file>file:/C:/Users/outlo/Documents/NetBeansProjects/Cinemas-main/src/co/gararetech/cinemas/controller/DashboardController.java</file>
            <file>file:/C:/Users/outlo/Documents/NetBeansProjects/Cinemas-main/src/co/gararetech/cinemas/controller/DetailFilmController.java</file>
            <file>file:/C:/Users/outlo/Documents/NetBeansProjects/Cinemas-main/src/co/gararetech/cinemas/view/ProfileView.java</file>
            <file>file:/C:/Users/outlo/Documents/NetBeansProjects/Cinemas-main/src/co/gararetech/cinemas/view/DashboardView.java</file>
        </group>
    </open-files>
</project-private>
